geometry,country,lon,lat,name
"POLYGON ((-17 15, -17 14.426587798904146, -17.05947831812302 14.453924832502834, -17.07046464561941 14.465399373959547, -17.07616126144104 14.478583049908982, -17.11148027246291 14.53021879305291, -17.137847460471992 14.599025803887022, -17.148410401376715 14.613187678107133, -17.178212044780928 14.653143700233466, -17.206939260162613 14.67890059637014, -17.224110479755648 14.690415702673382, -17.243763799650733 14.699286141205677, -17.265451630364375 14.702826385380348, -17.281646291331914 14.70726160477462, -17.32404537821916 14.72890864874197, -17.33055579313668 14.736314200909945, -17.363596160950955 14.735907421285763, -17.39232337401045 14.739325391599015, -17.417388476331023 14.73769767223498, -17.43980872417097 14.722072708352439, -17.43138587173451 14.712469825628924, -17.41934160087402 14.708970439573418, -17.426828577615076 14.69440328412112, -17.439808722720922 14.688462619966087, -17.43639075618171 14.685288898143233, -17.430246546976836 14.678045878614359, -17.426828580460086 14.674872156884721, -17.433013476689165 14.66054925081339, -17.436390751718516 14.659572559326472, -17.43980872060834 14.65375386952697, -17.452951625625353 14.66205469561742, -17.520171678381153 14.743068725565786, -17.536040818202192 14.757391634995477, -17.37096106494259 14.800278950811823, -17.322132945249162 14.83901615718367, -17.181979789834514 14.897088327073245, -17.17296301688285 14.90082415206334, -17.138661265401154 14.927720591085356, -17.076283095133093 15, -17 15))",Senegal,-17.12444444,14.78131313,square_Senegal_lat14.5N_lon17.5E
"POLYGON ((-16 16, -16 15, -17 15, -17 15.088391451732313, -16.97972571505208 15.111883858224926, -16.947906054158047 15.157863680729866, -16.878244595170464 15.2330996842406, -16.739165819097998 15.472398183117683, -16.73533304396057 15.477330520420466, -16.66966712144216 15.561835046518173, -16.538929817549153 15.774359464814259, -16.53429114421754 15.78436917551397, -16.536000128146338 15.79466376858717, -16.54092521935954 15.805650551365474, -16.54234778668637 15.80882398843772, -16.51973628729804 15.846372346958898, -16.509917765663285 15.90151115635669, -16.50776755654955 16, -16 16))",Senegal,-16.48275862,15.51772031,square_Senegal_lat15.5N_lon16.5E
"POLYGON ((-17 15, -16 15, -16 14, -16.48731367392458 14, -16.487049931103368 14.002630786276194, -16.48888943419134 14, -16.576589078571246 14, -16.57677161521639 14.01097245673397, -16.568918421228837 14.020819269261535, -16.556263803825214 14.026923055379475, -16.54234778380131 14.037339478883133, -16.554798959943458 14.033107957018231, -16.56834876474605 14.030341019420803, -16.580962693990998 14.03278229356937, -16.590728317659618 14.043605796535427, -16.545521615389283 14.070990368835453, -16.529286264734893 14.085191279524071, -16.503325974691524 14.116278324161716, -16.48912513052345 14.128241351151356, -16.45702063414724 14.137355723877349, -16.441477014284022 14.156561460558388, -16.429351365872147 14.160956115860493, -16.42100989749051 14.157131371760853, -16.41299394220005 14.149806946350733, -16.40469316485929 14.145412591594289, -16.394886845138828 14.150376557116322, -16.3888240234614 14.154852628238553, -16.372629361725437 14.162421000971573, -16.372288352645818 14.16265293110036, -16.364735480733085 14.167792046138125, -16.38021529473335 14.168361957356048, -16.427723761009712 14.17011134746218, -16.45474199105497 14.180161853635607, -16.452951628016784 14.201849725599446, -16.468739386768487 14.193833714941606, -16.47459876438993 14.179388853316505, -16.47150631582365 14.164252107367693, -16.460357226035267 14.154120185695747, -16.472767707928035 14.147365671527822, -16.483062302598036 14.14813867178708, -16.49307206697881 14.151841442189998, -16.504750129035376 14.154120185695747, -16.51317298409736 14.151027884195182, -16.516753712813333 14.143459511669926, -16.518788215177388 14.13426342250137, -16.521839971211328 14.126165997273404, -16.547515426325482 14.081854430489098, -16.55654863509478 14.071519421773322, -16.56680253705675 14.06696193566893, -16.588449674311928 14.061957112981846, -16.60033118532437 14.054185352602552, -16.60912024719967 14.04319901764201, -16.62157141680219 14.01996485337435, -16.631703253308515 14.01007718272342, -16.65416419331555 14.00275306027477, -16.67540442765386 14.006903466413636, -16.697010870643748 14.014227588932105, -16.721058725931737 14.016302942265089, -16.69758053275118 14.05744048512663, -16.6968481080152 14.06468319263496, -16.680002410586724 14.069403510453272, -16.652251759082663 14.099514164286502, -16.665638802208704 14.095648562597663, -16.678578252117738 14.076117165220317, -16.689686656119648 14.071519421773322, -16.71178137614062 14.070868094817525, -16.720529750093643 14.06891501523875, -16.727894658009635 14.06468319263496, -16.71613522037738 14.05133699900395, -16.717111783029882 14.042385159428784, -16.734120248746272 14.023138870207099, -16.737049932262686 14.01544822595926, -16.73961340997609 14.001125344001775, -16.740296258738947 14, -16.780043544312214 14, -16.780995246195303 14.030747798302121, -16.78600013079327 14.059719228121988, -16.802561002004236 14.107855536202441, -16.81127995359735 14.124884673553964, -16.820790170865102 14.143459511669926, -16.82970130103607 14.154120185695747, -16.84276282289901 14.160060841533465, -16.86880449091913 14.16575755022054, -16.878732875793244 14.17454656063932, -16.88390051893543 14.188950864361818, -16.89240475223869 14.242865313071944, -16.89891516794403 14.259955142413347, -16.906971808032058 14.272528342276116, -16.925892708199758 14.291245890285435, -16.934559699725366 14.295884494361399, -16.941151495848786 14.297267964046119, -16.945464648263705 14.301418373129186, -16.94701087214432 14.314520627553918, -16.945790169000652 14.324774526916574, -16.940744597354772 14.344427909883322, -16.93956457913534 14.355861589889798, -16.944447393030753 14.37238181303463, -16.956532353499473 14.390122675030081, -16.987945114760986 14.421047211792626, -17 14.426587798904146, -17 15))",Senegal,-16.49186992,14.51917036,square_Senegal_lat14.5N_lon16.5E
"MULTIPOLYGON (((-16 13, -16.75321697203836 13, -16.749989385818548 13.013617192961805, -16.74779212093808 13.040269269760868, -16.749338343502192 13.056626616668874, -16.75365149549367 13.06500882955224, -16.7521252061602 13.088039561621374, -16.748507855258428 13.099227462553012, -16.7421516499613 13.107392166857412, -16.726338662325997 13.122636733890959, -16.72318640119951 13.13224859537754, -16.70840694291128 13.15669163732231, -16.67352534823417 13.164313771187365, -16.63001379268808 13.163900383608619, -16.46521765231063 13.162427690361632, -16.313288942763236 13.161084180735893, -16.092062132280553 13.159120289322734, -16 13.158317256045661, -16 13)), ((-16 14, -16 13.584900392402377, -16.00193843799067 13.584908448626411, -16.064053509746664 13.58511514257277, -16.085382943752666 13.585168318195613, -16.126116904588145 13.585270163032568, -16.18823197531117 13.585528530465718, -16.25029537108109 13.585735224412318, -16.31246211879993 13.585993591845696, -16.374577190566 13.586200285792488, -16.43664058528064 13.586458653226108, -16.498755656043006 13.58666534717309, -16.561399168845234 13.586914100934973, -16.561512826740614 13.587103670528954, -16.571359831009165 13.601792760646719, -16.57640540231627 13.612250032736275, -16.57575435948029 13.640326163033842, -16.55866451658039 13.65591052803574, -16.533518035473257 13.668605984624447, -16.5081680956279 13.687974232471353, -16.513498503880577 13.690863441917442, -16.523793096610255 13.698390948692397, -16.529286259365215 13.700995052675664, -16.516590951808602 13.712836095121833, -16.50723222610446 13.728094799204024, -16.50890051802916 13.740220347008467, -16.529286260004053 13.742621061905838, -16.52660071430666 13.726629915522807, -16.531483526106843 13.707261365709677, -16.542103644380983 13.693670935151442, -16.556548631996662 13.694769597837137, -16.563710092598807 13.6737736346018, -16.57925371157778 13.659572736715738, -16.598866342659925 13.654201697612558, -16.618031378820433 13.660060931066035, -16.635568814912013 13.678046011267964, -16.640004038943978 13.696478728828945, -16.63170325228202 13.735785138176372, -16.629750130109574 13.760484171668406, -16.627105274232775 13.77045325269215, -16.618031378037404 13.783596048647782, -16.582508916197398 13.824693012475661, -16.576405401623127 13.838812499448775, -16.570546027260484 13.835109731694775, -16.554921030739948 13.827948443750323, -16.549143035849998 13.824530481254465, -16.551380989659616 13.829087664445424, -16.55654863036376 13.845648424676817, -16.52183997414094 13.851792766099573, -16.520130991282546 13.832017432448396, -16.51292884065771 13.813299904476164, -16.501576298758575 13.801987912148071, -16.487049933895268 13.804632874821236, -16.494618291395415 13.827459948801224, -16.496327278294267 13.852728597494018, -16.500599736911873 13.872707321404535, -16.515695766849923 13.879787494640118, -16.51036536191366 13.893296514749448, -16.48867754023364 13.986395683674123, -16.48731367392458 14, -16 14)), ((-16.48888943419134 14, -16.508900519818056 13.971380918149697, -16.518055796074602 13.951849826803846, -16.52594967205444 13.91046774589137, -16.53620357774791 13.885728146719806, -16.549427862032307 13.869289358576259, -16.562814908079684 13.87295156890306, -16.570220507079704 13.87295156890306, -16.580230275762 13.859523965227291, -16.597889777143568 13.854315455098844, -16.618641730681617 13.851629934441412, -16.637928838355702 13.845648424676817, -16.6486710275679 13.836859420891836, -16.652251755993476 13.828558611796323, -16.6539200506832 13.820054413504337, -16.65900631124393 13.810858331094916, -16.664458790700863 13.805975785225536, -16.675933398454525 13.799546639253316, -16.682525194812257 13.794094182768742, -16.692494272113233 13.775702319577146, -16.700062626706508 13.769028926574578, -16.7101944639247 13.773626967347115, -16.713368295997387 13.783352101623702, -16.713449670947668 13.795721597869113, -16.715321420913693 13.80634200620672, -16.724476689233082 13.810858331094916, -16.737212696194128 13.81964763481436, -16.74242102900734 13.839422967936498, -16.74107825248416 13.86041893850846, -16.73412024608048 13.87295156890306, -16.740223761596337 13.886623420479845, -16.744455530441403 13.902166935458322, -16.747792118224385 13.934393488409503, -16.746815557683206 13.951361331721317, -16.743397592910476 13.961086469778744, -16.737212694464567 13.967678149308316, -16.714222787095103 13.985581825567294, -16.702504033389772 13.989976178678068, -16.689686655573567 13.990546089657665, -16.66026770767487 13.987250099495535, -16.646311004364307 13.982977719977582, -16.636789514707015 13.974920855319406, -16.63792884182693 13.961656080293452, -16.62393144530311 13.973944465958887, -16.612904427512213 13.988714984008976, -16.598988408187424 13.99681210620695, -16.576405400501987 13.988958931143358, -16.576589078571246 14, -16.48888943419134 14)), ((-16.740296258738947 14, -16.744699671598486 13.992743116018698, -16.76455644615366 13.970607918209703, -16.768869596841352 13.961656080293452, -16.773426889305828 13.933579930825779, -16.76886959360719 13.838812499448775, -16.775054489606656 13.838812499448775, -16.780043544312214 14, -16.740296258738947 14)))",Senegal,-16.28679424,13.81498722,square_Senegal_lat13.5N_lon16.5E
"MULTIPOLYGON (((-16 13.158317256045661, -16.092062132280553 13.159120289322734, -16.313288942763236 13.161084180735893, -16.46521765231063 13.162427690361632, -16.63001379268808 13.163900383608619, -16.67352534823417 13.164313771187365, -16.70840694291128 13.15669163732231, -16.72318640119951 13.13224859537754, -16.726338662325997 13.122636733890959, -16.7421516499613 13.107392166857412, -16.748507855258428 13.099227462553012, -16.7521252061602 13.088039561621374, -16.75365149549367 13.06500882955224, -16.768869595134287 13.077826246002843, -16.784331835162604 13.082993890468524, -16.786732552790802 13.090074053150898, -16.782541468859108 13.098333992691508, -16.775502080405683 13.11273826520027, -16.777333137856644 13.12783442142573, -16.796742316401776 13.177232133164637, -16.797474739926916 13.189113721729697, -16.795033332833977 13.235907336758201, -16.79735266836932 13.248928145911764, -16.802967904986875 13.262193202561662, -16.82005774676121 13.281317488802177, -16.824452280400983 13.294582546193018, -16.816639776268758 13.310614236993825, -16.820301888644565 13.315822741549153, -16.82970130266351 13.338527820280166, -16.820708785957905 13.349107060594937, -16.809966603244828 13.379868995418256, -16.799549932349915 13.386297835636885, -16.787342902194872 13.38914618530862, -16.774322066617888 13.396185493583866, -16.762928842236906 13.404974790065856, -16.704457162804594 13.475409337923734, -16.678822397900582 13.496161346079372, -16.676747197443692 13.485907165125365, -16.671131965227275 13.478664466474575, -16.662505662935335 13.473130597736423, -16.652251756322816 13.468247754754854, -16.63463294285102 13.477362415051855, -16.61685136794123 13.478176272297492, -16.60138912514101 13.472235324732074, -16.590728321285024 13.461371277072473, -16.585316534062205 13.443345346371297, -16.59630286503292 13.440253049558589, -16.6127823564606 13.439154387419261, -16.624256966415246 13.427232235980505, -16.60871334262936 13.413722928169559, -16.595529751690854 13.385077200189842, -16.588368290946768 13.355291953637938, -16.590728320639876 13.338527820280166, -16.553863086052658 13.295803181443667, -16.545765753440932 13.290106483059972, -16.495187953312925 13.287909159376223, -16.48082435003958 13.283881033071436, -16.467762826185908 13.275865037774443, -16.459950325204233 13.268866288654557, -16.449696418329474 13.264064863203968, -16.429351367942722 13.262193202561662, -16.419667122150067 13.255560674199048, -16.413929817320536 13.239976320811035, -16.413482226247748 13.22207267101763, -16.419422983186138 13.208197447949157, -16.399769659822354 13.224310552105413, -16.39085852516766 13.22479874606109, -16.377797005801238 13.215033364888265, -16.383656376350825 13.225164966634896, -16.401926238645895 13.243353721801217, -16.405751108084306 13.246039239289848, -16.408273890925248 13.258734385727553, -16.41527258928575 13.267035185651414, -16.426014776589575 13.270737949318375, -16.439930793571833 13.269598729857432, -16.439930793201377 13.27643464751078, -16.41051184918182 13.275865037774443, -16.396799283935614 13.27789952993658, -16.38463294402767 13.283881033071436, -16.374745247507818 13.263861474077695, -16.36327063818042 13.268296678925637, -16.34968014126403 13.282171903414978, -16.333404100448092 13.290106483059972, -16.31480872201325 13.2955589342225, -16.277943486702554 13.319484647445194, -16.25796464779482 13.324896541229666, -16.23013261659496 13.31639235132517, -16.225900843888038 13.296576180337448, -16.230213998582016 13.273627156489745, -16.227609831992616 13.25600831052681, -16.20970618294603 13.251166027101528, -16.185454880085935 13.258286749397707, -16.151275194197865 13.27643464751078, -16.15127519599879 13.283881033071436, -16.162261523782444 13.282700955501795, -16.172515429973675 13.279282996628018, -16.181752082733325 13.27374912988214, -16.189808721733737 13.265936523852305, -16.199289516119816 13.259100606322503, -16.203521290035617 13.264960135872885, -16.208078581220523 13.292385222492106, -16.20860755337087 13.303534372136733, -16.210764124776922 13.313299754794889, -16.21703040029298 13.317368739391966, -16.22203528323349 13.319769452334976, -16.225249803004974 13.325832371652274, -16.227121547519168 13.333685536158622, -16.22760983141849 13.3419457795093, -16.22443600443009 13.360297069445362, -16.21621659827463 13.372747971172505, -16.17617753529032 13.405422126084867, -16.16869055903446 13.413316149808923, -16.16551673255241 13.423814276223512, -16.16120358213733 13.428697118801127, -16.151437956872723 13.426947431035533, -16.13512122540771 13.420477732246631, -16 13.413304099986577, -16 13.158317256045661)), ((-16 13.4474200849415, -16.09024003532109 13.440496996416199, -16.121896940058207 13.451605591369146, -16.141590950015512 13.454575914815171, -16.160389779187028 13.450588344969766, -16.178456185379204 13.440985490986035, -16.206532358418336 13.420477732246631, -16.248443163431666 13.37897372256792, -16.257964650644745 13.372015830263596, -16.26561438796154 13.368719844263387, -16.27301998769905 13.36261636682156, -16.28058834588555 13.359768017286182, -16.28913326716653 13.365871494696789, -16.28970293035479 13.373236465681822, -16.286732549954152 13.383612317486087, -16.284901495170306 13.395331078798005, -16.28913326434808 13.406805593090212, -16.306019658308525 13.39166887197774, -16.30809485868246 13.38336837065392, -16.30211341365194 13.372015830263596, -16.312123173498446 13.366929298600157, -16.316395637166774 13.365871494696789, -16.31639563751698 13.359035575967242, -16.31163489223995 13.35761125099331, -16.30699622061183 13.354559512324876, -16.302113410887628 13.352769267134232, -16.321888798412154 13.34284075187307, -16.35594642059871 13.337958210481858, -16.390533009047797 13.336859548546533, -16.411976693622215 13.338527820280166, -16.489491338894155 13.357123056924836, -16.521839973523516 13.359035575967242, -16.51577715047694 13.367865429520005, -16.50352942502421 13.392564144848699, -16.501332161562 13.403062270864487, -16.503529424667672 13.416937498681463, -16.513417121507384 13.436753673958254, -16.51569576754955 13.444322035089463, -16.519764779594254 13.45132078641131, -16.538197394504007 13.464829794737119, -16.544504361080516 13.475897532098298, -16.55443274395847 13.481838179277528, -16.556548632580398 13.48558180247852, -16.55654863158007 13.506089563719138, -16.548003710089475 13.54808177752325, -16.549143032918955 13.563869528915266, -16.554798958001804 13.577053177445533, -16.561399168845234 13.586914100934973, -16.498755656043006 13.58666534717309, -16.43664058528064 13.586458653226108, -16.374577190566 13.586200285792488, -16.31246211879993 13.585993591845696, -16.25029537108109 13.585735224412318, -16.18823197531117 13.585528530465718, -16.126116904588145 13.585270163032568, -16.085382943752666 13.585168318195613, -16.064053509746664 13.58511514257277, -16.00193843799067 13.584908448626411, -16 13.584900392402377, -16 13.4474200849415)))",Gambia,-16.27922561,13.36891063,square_Gambia_lat13.5N_lon16.5E
"MULTIPOLYGON (((-16 12.44315557280067, -16.05501013239663 12.461204348939345, -16.090511840844115 12.464304903017853, -16.1660627849474 12.451437475979407, -16.17283239727016 12.448543615532204, -16.177173219042466 12.445236367919867, -16.181875773320556 12.443375975424788, -16.19009232490527 12.444771157135724, -16.211693075807784 12.453142848299093, -16.222390094847157 12.455054763997857, -16.232880413071218 12.452884481313104, -16.301920124367516 12.416194116830074, -16.382018596915362 12.373819530327296, -16.412300985217108 12.361727205402643, -16.462685506636774 12.361313818264822, -16.514878703622735 12.34854973940363, -16.53332718774427 12.347826161708904, -16.668874471123264 12.356714585941761, -16.705616415183105 12.348033005488292, -16.728436776929595 12.332530837939357, -16.735015428148426 12.345160175222615, -16.739735481013145 12.358384507741349, -16.744130012851755 12.378851677611582, -16.750477668036577 12.38564687904701, -16.765492316904055 12.39598215865694, -16.788482225056303 12.417954767601076, -16.798736132425503 12.430894296587615, -16.802967901766074 12.443792967718897, -16.802967903583713 12.485419044175769, -16.800770638078475 12.494452275398665, -16.790923631668807 12.50324125976958, -16.78868567713867 12.512396614646384, -16.781361459651873 12.522935434807154, -16.731678838481518 12.55206931950768, -16.70986894281844 12.5528017599524, -16.67882239265087 12.55023821839857, -16.645375130624306 12.570746250617715, -16.634673634631373 12.579494678148013, -16.628977018533742 12.587632638564028, -16.624623178359677 12.59601484602876, -16.618031379658532 12.605454856271152, -16.579741989738913 12.632798500576495, -16.561350065769705 12.611802573740125, -16.547189909845386 12.573879401387313, -16.53331458174507 12.56533436283566, -16.532704233638686 12.58087814343026, -16.522450326011523 12.59308508410401, -16.504750131075284 12.59804933616551, -16.485096809700277 12.593736108927873, -16.45156816295865 12.575018619696667, -16.42145748704388 12.566880659402264, -16.388335741071547 12.551581126020446, -16.370961064694225 12.55023821839857, -16.35130774609328 12.559515697249388, -16.32725989400676 12.58869044123614, -16.309559702050706 12.59804933616551, -16.286284959834777 12.597072648711485, -16.266468880400467 12.590033348918892, -16.24669348768432 12.587958000760404, -16.22386634135038 12.601752096210086, -16.212228972233483 12.606350128077437, -16.204457162243088 12.597601700266717, -16.19859778509193 12.584906265593977, -16.192860482117254 12.577582161325099, -16.114979621353935 12.606105881104684, -16.09707597644143 12.610256277090597, -16.073109505090898 12.611721158082005, -16.05760657340696 12.616196916303542, -16.04466712178833 12.625474395884412, -16.02977454303323 12.632961331896956, -16.007883266083173 12.632147475721792, -16 12.627977282965427, -16 12.44315557280067)), ((-16 13, -16 12.685330909902301, -16.00108801743277 12.687445234337963, -16.004750128551233 12.690822632554267, -16.009348109034544 12.692694291596958, -16.013172979430994 12.69619366312248, -16.01695715901568 12.717515254853897, -16.022124805442736 12.728990057427126, -16.028309701443273 12.728990057427126, -16.028309697497928 12.721584235749432, -16.029774543358194 12.717474697232849, -16.040516732728396 12.69696696174293, -16.04515540535667 12.690497270316646, -16.048898891962462 12.656398827872641, -16.076812302606506 12.638983386935482, -16.117746548076873 12.632147475721792, -16.12832597777329 12.62767171741317, -16.148915166193493 12.61444723071318, -16.155018685096422 12.611721158082005, -16.165598110247714 12.612860376442962, -16.189808722704306 12.61912667831006, -16.22760982970362 12.61912667831006, -16.23884029990472 12.616522578937875, -16.257923957709348 12.608221786923927, -16.26862545564469 12.605454856271152, -16.280669726645147 12.605454856271152, -16.312977669107152 12.611721158082005, -16.323841923755484 12.609564394211457, -16.3377579444258 12.600165241964218, -16.346791147055423 12.59804933616551, -16.350209111531218 12.59332903064616, -16.35513261582001 12.58258697090905, -16.361968554037627 12.571234444115914, -16.370961065783593 12.564520506726625, -16.4119766931324 12.577582161325099, -16.44517981759775 12.596136819300256, -16.460682746409397 12.608872811759648, -16.467193162932556 12.62225982926151, -16.471180792189568 12.624579124057325, -16.48033606928845 12.627386912817665, -16.489572721923878 12.631822113508049, -16.494496221570316 12.638983386935482, -16.492827929735466 12.648911891643502, -16.486480272986967 12.657782293284338, -16.477284310107382 12.66413001116172, -16.467193165113947 12.66632733279564, -16.467193161299853 12.673773411142182, -16.48257402146639 12.674139631418516, -16.49229895533966 12.68170798354952, -16.497914193536364 12.693833810499468, -16.501332159360114 12.707912411956968, -16.508168098166657 12.625392980224944, -16.515695767166743 12.625392980224944, -16.528920049510443 12.642767562825933, -16.56566321700162 12.673895684852143, -16.5702205066073 12.693589563500176, -16.58193925475045 12.68439349879791, -16.5896703769011 12.673285217582917, -16.598784957399786 12.664007737453248, -16.61461341023671 12.660101588181892, -16.626576303206676 12.662543156794342, -16.634673633742313 12.66937906826609, -16.638661263187753 12.679999155862939, -16.63792883960568 12.693589563500176, -16.623768682983023 12.719712576637265, -16.603830534455724 12.739325341200695, -16.590728320080924 12.762030399727132, -16.59691321429985 12.797308623111752, -16.60138912456007 12.770208919639641, -16.60374915247197 12.76251859334244, -16.60912024686864 12.753729606180881, -16.61375891744941 12.74941637809732, -16.61851966215345 12.746527473656641, -16.63841711857863 12.728501563406521, -16.646880663732368 12.718207137826571, -16.651031056014876 12.705267754675194, -16.65225175457082 12.68402727851683, -16.645090297155217 12.648586228996217, -16.647206183696852 12.632228891381946, -16.6773168615149 12.619574314220493, -16.72105872090756 12.583726189230173, -16.75462806130889 12.572211131539888, -16.77310136598429 12.582953191144483, -16.780873173353598 12.608831953717337, -16.782541470924006 12.642727005208714, -16.77708899812646 12.678046081185588, -16.761219858061715 12.713202327401172, -16.735463019648936 12.732896207042263, -16.700550908393016 12.721584235749432, -16.698963996069207 12.736395578749445, -16.713246222053773 12.747300471900775, -16.733957484515376 12.751369452954714, -16.7515356116443 12.745428812725734, -16.772124802168697 12.720648406192776, -16.783558722927694 12.71259186010136, -16.796213347457936 12.715318233503611, -16.79027259136012 12.723456195292965, -16.788238083639808 12.732082350764086, -16.79027259017496 12.740545975416417, -16.79621334540601 12.748846768818218, -16.774484830902523 12.778550571419203, -16.77013098702372 12.793361615110205, -16.775054491839565 12.810939890899258, -16.782541470839963 12.810939890899258, -16.787220832532043 12.79987216546414, -16.79405677005228 12.794989327800014, -16.800282353513463 12.798814062080316, -16.8029679009496 12.81403218457472, -16.80052649596774 12.825995182284593, -16.794545048355964 12.83877173615904, -16.75885982994223 12.890773826934385, -16.755238413331497 12.903469266711648, -16.756255662754317 12.916245821984903, -16.760975714846772 12.93968332690581, -16.762074345870552 12.951157832581933, -16.759836391919837 12.97207265377825, -16.75321697203836 13, -16 13)))",Senegal,-16.28527021,12.73771249,square_Senegal_lat12.5N_lon16.5E
"POLYGON ((-16 16, -16.50776755654955 16, -16.50754064867272 16.010393358608596, -16.501597860548703 16.021865561455613, -16.487800252476777 16.066048909472297, -16.47043697060508 16.10635649090567, -16.465992798583105 16.174052656674398, -16.458758098198615 16.19415477306076, -16.44418534422296 16.206298736047938, -16.40728837011341 16.214825301977157, -16.391682087996678 16.224747212870366, -16.385377564568845 16.23492749311826, -16.381088419254397 16.24665798972004, -16.340160685328744 16.41589834924821, -16.334941364734448 16.455792531327557, -16.327396606018834 16.474551047573858, -16.313547321292194 16.49330956339283, -16.29509883633985 16.510621210477613, -16.273808144781707 16.52317856102585, -16.251018840794128 16.527622813969348, -16.217945923849904 16.521524997292854, -16.206732139790375 16.52074988929174, -16.195363321361967 16.52271349622634, -16.185183066157258 16.527312770771573, -16.155779173627565 16.54751815350298, -16.14430700668846 16.552685840398226, -16.13226639889392 16.55475294518851, -16.119657349103782 16.55237579721135, -16.11045894333395 16.546949740989433, -16.10306921495685 16.539560077841905, -16.090976929013646 16.52219675755984, -16.07402705796276 16.504885110737774, -16.053769897441867 16.495428342218286, -16.031187294836748 16.492896172443725, -16.007312783543494 16.496151776376745, -16.000181437958176 16.50106109429228, -16 16.501152474750374, -16 16))",Senegal,-16.18832148,16.25491175,square_Senegal_lat16.5N_lon16.5E
"POLYGON ((-15 13.488209847456712, -15.015073609537295 13.495740748005165, -15.015228639447093 13.495844094960502, -15.015435345276169 13.495999115393559, -15.015590374213271 13.496050788871266, -15.065251421456695 13.531268067670371, -15.110158242386786 13.57248007397453, -15.137650108086522 13.589972750763494, -15.160491089477263 13.580980963234449, -15.181331442016486 13.5598432031255, -15.20395097050758 13.53690107800409, -15.217955280261156 13.514679979194153, -15.221727663492631 13.452823523120989, -15.227773802558374 13.425176412947495, -15.248341022555982 13.398976461722729, -15.277073122599933 13.380295601944772, -15.309835976662654 13.368435640203028, -15.342392129295119 13.362570401471906, -15.379237425336772 13.362518728006961, -15.48832637791922 13.3852565551889, -15.519538941518 13.38660006533452, -15.54294836355905 13.37799583225823, -15.566047730508862 13.365671109805346, -15.596123412869963 13.355826713908161, -15.61245316754973 13.354224836516002, -15.679890910281303 13.360658483271635, -15.69249996061743 13.360348442483014, -15.737406777825672 13.346344032428522, -15.807118287244302 13.339781202180173, -15.818693808330993 13.333528412782021, -15.82267289165677 13.319420656473147, -15.824367248958307 13.248512054430929, -15.824739947335969 13.232914182012559, -15.826600302101868 13.16167842537769, -15.833318238705537 13.156846657662483, -15.870783651390365 13.157156698342913, -15.897441201337116 13.157399142944893, -15.96173417151219 13.157983473491539, -16 13.158317256045661, -16 13.413304099986577, -15.99486243452648 13.413031344871252, -15.941314254947468 13.425441690126378, -15.922230599355505 13.427232235980505, -15.911284959844808 13.426703183756873, -15.905629036623752 13.425767353163852, -15.900624151625088 13.425523105885741, -15.891224740352861 13.427232235980505, -15.883778449182026 13.430405948478748, -15.878407357390262 13.43480059697827, -15.874379036929762 13.438869582468003, -15.871327278680804 13.440904075224383, -15.849517382085503 13.442206126558315, -15.785023565241534 13.434759738884319, -15.764475065819228 13.436916505480362, -15.706206835015113 13.454575914815171, -15.696766729306438 13.459865536067037, -15.678049282273038 13.473049181969849, -15.6686905577444 13.475734700564345, -15.658924933577026 13.472398156264969, -15.644683397201991 13.45791245900305, -15.634917773015037 13.454575914815171, -15.62083899800252 13.454820162106438, -15.610422328483637 13.45644757610294, -15.600900842352791 13.460435145991982, -15.58958899536601 13.468247754754854, -15.580922005820208 13.478176272297492, -15.56505286244084 13.50250877191466, -15.555409308926015 13.509222719014742, -15.543446418751216 13.509670355548081, -15.530995243619987 13.505845316404233, -15.519642704646035 13.499660421642767, -15.510731572313139 13.492743085454425, -15.500396287361323 13.488185905367624, -15.489654100619045 13.489935593333543, -15.47935950561345 13.493964021572443, -15.470041472690378 13.496161346079372, -15.45107988393296 13.490912282137101, -15.438872850554155 13.478583050707197, -15.429432744882208 13.464748378971816, -15.41885331901484 13.454575914815171, -15.384429490505967 13.443508177895403, -15.340565559026484 13.440822659462718, -15.304798957385863 13.45530835626216, -15.294748504659879 13.496161346079372, -15.299956837660769 13.496161346079372, -15.301909962939853 13.496161346079372, -15.302154103661145 13.496161346079372, -15.304066536798496 13.481146595891541, -15.31139075562436 13.467840976353074, -15.321848112800438 13.458238122060129, -15.332875129014765 13.454575914815171, -15.351673955034586 13.45673238106351, -15.385975713961145 13.466131846129178, -15.40147864437368 13.468247754754854, -15.415760871595145 13.473212013503, -15.43224036352683 13.484767945221497, -15.456450975607963 13.506089563719138, -15.465240037147336 13.510158549754374, -15.474110483648332 13.508531135592815, -15.482818165149947 13.505031759543119, -15.490834116390525 13.502997266541454, -15.499867314264494 13.505112874887413, -15.507557748072074 13.509833187092529, -15.513579883330433 13.514553198912983, -15.517893034772 13.516669107732826, -15.531727666980478 13.519761404991295, -15.543039518234746 13.52553952154408, -15.556141732377943 13.528306456181848, -15.575835740300352 13.522894560368817, -15.586008266723422 13.515041393123818, -15.600697392435505 13.495510019918866, -15.610666467460643 13.489325125278834, -15.62775631601611 13.488511568443252, -15.654652475639208 13.500962773547679, -15.672108530418468 13.502997266541454, -15.69017493439665 13.498968838233434, -15.734201625739182 13.475734700564345, -15.76988684953554 13.46507404203308, -16 13.4474200849415, -16 13.584900392402377, -15.939771690242617 13.584650081193592, -15.877708295463549 13.584443387247436, -15.815593224730351 13.584185019814846, -15.753426471266165 13.583978025441612, -15.691363075551333 13.583719658009265, -15.629196327787255 13.583512964063491, -15.567132933068262 13.583254596631372, -15.51819535225218 13.583099576172172, -15.502485716347948 13.588267225265062, -15.500470337989134 13.627980704942471, -15.498030087681318 13.641522164039605, -15.49680131280642 13.648341262519367, -15.488946492881588 13.670329536035183, -15.47861120812294 13.691258503832215, -15.467500772903634 13.708285822877496, -15.436339883720091 13.74117780894894, -15.394068563708657 13.771511958714411, -15.3477664790163 13.788642627629638, -15.304461629574307 13.78187309768618, -15.2951081935172 13.773191347670572, -15.275729535676946 13.748050985746472, -15.267254596064975 13.741797890984843, -15.24596390645693 13.74673301097657, -15.170619669203866 13.793784442143876, -15.097704223590775 13.819984413921768, -15.076310181660252 13.818950943691071, -15.01677893250988 13.79688515310309, -15 13.796146665851047, -15 13.488209847456712))",Gambia,-15.59990377,13.49063488,square_Gambia_lat13.5N_lon15.5E
"POLYGON ((-16 14, -16 15, -15 15, -15 14, -16 14))",Senegal,-15.50933707,14.53179113,square_Senegal_lat14.5N_lon15.5E
"MULTIPOLYGON (((-15 13, -16 13, -16 13.158317256045661, -15.96173417151219 13.157983473491539, -15.897441201337116 13.157399142944893, -15.870783651390365 13.157156698342913, -15.833318238705537 13.156846657662483, -15.826600302101868 13.16167842537769, -15.824739947335969 13.232914182012559, -15.824367248958307 13.248512054430929, -15.82267289165677 13.319420656473147, -15.818693808330993 13.333528412782021, -15.807118287244302 13.339781202180173, -15.737406777825672 13.346344032428522, -15.69249996061743 13.360348442483014, -15.679890910281303 13.360658483271635, -15.61245316754973 13.354224836516002, -15.596123412869963 13.355826713908161, -15.566047730508862 13.365671109805346, -15.54294836355905 13.37799583225823, -15.519538941518 13.38660006533452, -15.48832637791922 13.3852565551889, -15.379237425336772 13.362518728006961, -15.342392129295119 13.362570401471906, -15.309835976662654 13.368435640203028, -15.277073122599933 13.380295601944772, -15.248341022555982 13.398976461722729, -15.227773802558374 13.425176412947495, -15.221727663492631 13.452823523120989, -15.217955280261156 13.514679979194153, -15.20395097050758 13.53690107800409, -15.181331442016486 13.5598432031255, -15.160491089477263 13.580980963234449, -15.137650108086522 13.589972750763494, -15.110158242386786 13.57248007397453, -15.065251421456695 13.531268067670371, -15.015590374213271 13.496050788871266, -15.015435345276169 13.495999115393559, -15.015228639447093 13.495844094960502, -15.015073609537295 13.495740748005165, -15 13.488209847456712, -15 13)), ((-16 14, -15 14, -15 13.796146665851047, -15.01677893250988 13.79688515310309, -15.076310181660252 13.818950943691071, -15.097704223590775 13.819984413921768, -15.170619669203866 13.793784442143876, -15.24596390645693 13.74673301097657, -15.267254596064975 13.741797890984843, -15.275729535676946 13.748050985746472, -15.2951081935172 13.773191347670572, -15.304461629574307 13.78187309768618, -15.3477664790163 13.788642627629638, -15.394068563708657 13.771511958714411, -15.436339883720091 13.74117780894894, -15.467500772903634 13.708285822877496, -15.47861120812294 13.691258503832215, -15.488946492881588 13.670329536035183, -15.49680131280642 13.648341262519367, -15.498030087681318 13.641522164039605, -15.500470337989134 13.627980704942471, -15.502485716347948 13.588267225265062, -15.51819535225218 13.583099576172172, -15.567132933068262 13.583254596631372, -15.629196327787255 13.583512964063491, -15.691363075551333 13.583719658009265, -15.753426471266165 13.583978025441612, -15.815593224730351 13.584185019814846, -15.877708295463549 13.584443387247436, -15.939771690242617 13.584650081193592, -16 13.584900392402377, -16 14)))",Senegal,-15.4751482,13.84137891,square_Senegal_lat13.5N_lon15.5E
"POLYGON ((-16 15, -16 16, -15 16, -15 15, -16 15))",Senegal,-15.49460234,15.52017365,square_Senegal_lat15.5N_lon15.5E
"POLYGON ((-16 13, -15 13, -15 12.678630293095441, -15.146228391765645 12.679227058966374, -15.195114296535106 12.6794337526102, -15.22379472069019 12.67519653292247, -15.249736284950997 12.66362078773223, -15.307820595799878 12.62269304468789, -15.368643757438486 12.595356310533699, -15.42173078190967 12.557121896796676, -15.424609332737212 12.555048651706182, -15.677048705303443 12.439293476670741, -15.711516887248063 12.432213920959429, -15.883964192131579 12.442182530261368, -15.893883016951255 12.442755894665051, -15.973258014791385 12.437226390602293, -15.992481649457044 12.44068880858888, -16 12.44315557280067, -16 12.627977282965427, -15.990345833968714 12.6228702964921, -15.963863380573695 12.602245697408344, -15.947987436435582 12.589829959992318, -15.939605273702957 12.58063389646495, -15.927967903961008 12.57859940637049, -15.863880990094577 12.577582161325099, -15.85773678216292 12.57318751853826, -15.844797330249424 12.55988191747486, -15.839995900469484 12.557074429368091, -15.831166143386087 12.558254205267998, -15.805531377825613 12.564520506726625, -15.794056771858854 12.571478691078502, -15.782948373444645 12.584662319054269, -15.768788217470837 12.592596890593137, -15.747873500029344 12.583726189230173, -15.742421026883708 12.58832422099819, -15.736073369491994 12.591375956177059, -15.729603646988716 12.591498229874654, -15.715931768899788 12.581773114783426, -15.710113086031328 12.582749802219613, -15.704986130667118 12.585191070174892, -15.699452276035366 12.583726189230173, -15.691639779614052 12.574896646428238, -15.68492591211013 12.557928843083072, -15.679554814791606 12.55023821839857, -15.673085088108953 12.54441955291484, -15.665923634534565 12.540188042027776, -15.656890427580494 12.537583642472587, -15.644764779278423 12.53725828029546, -15.63341223672268 12.539536716818192, -15.587717253707678 12.558010258735974, -15.569406704394654 12.57632066931689, -15.53868567639401 12.615423918187687, -15.527251757565457 12.623724710274267, -15.517079228678835 12.62885149341282, -15.50983639270198 12.635809678302975, -15.507069465400006 12.649562916511664, -15.512806769647968 12.655666387336398, -15.523752409111317 12.660345835170828, -15.529855921766496 12.665757423150605, -15.521311000397523 12.673773411142182, -15.531076627293109 12.696437910122562, -15.540191211035816 12.726874151287209, -15.54344642014246 12.758042834289048, -15.53490149421402 12.783026330595135, -15.523345504774545 12.789862243138032, -15.509022591452707 12.790350737198395, -15.494007944020373 12.789048687225154, -15.480336066784657 12.790472710500104, -15.466420051691014 12.796454209138547, -15.456939257432879 12.803656342144095, -15.450672980297712 12.81281155023881, -15.44615637892352 12.824611716567512, -15.425607874572737 12.804998949768878, -15.406809048264085 12.799709334108554, -15.394032354178263 12.810248007841244, -15.391590948465536 12.838202126811062, -15.407053187345783 12.822332978796023, -15.42178300901159 12.822821472878001, -15.436879037421145 12.829291165440113, -15.453033006507956 12.83144762949803, -15.46812903546874 12.824896521236083, -15.492787236930427 12.807114856129031, -15.510731576488645 12.803452953161989, -15.520863409584084 12.803412095109461, -15.535878060138646 12.801337046812396, -15.549468554342749 12.794338302809031, -15.555409307415426 12.77960837434725, -15.555409306571748 12.721584235749432, -15.544097460608596 12.684068136562933, -15.542347784395341 12.673773411142182, -15.541737431569988 12.657456630633467, -15.54246985520151 12.649400085187896, -15.545480924855879 12.642727005208714, -15.569691535936231 12.62225982926151, -15.577381964117556 12.612494156194375, -15.627756315307503 12.567613099859706, -15.64102129034153 12.559475139636241, -15.652902797111281 12.558905230065031, -15.663319466228518 12.563462704084804, -15.672108529529293 12.570746250617715, -15.666411913829398 12.600653435479515, -15.696766729697437 12.614162426122242, -15.767689582159182 12.625392980224944, -15.815825978541213 12.595363821203128, -15.833485481171055 12.591253982906263, -15.836903448087593 12.594427691367049, -15.8412979827582 12.60146729162351, -15.848500126940868 12.60854714912833, -15.860463021076459 12.611721158082005, -15.872670048817513 12.609564394211457, -15.889556446359242 12.600165241964218, -15.90172278799945 12.59804933616551, -15.91331946492435 12.601223044652196, -15.928374804396165 12.608872811759648, -15.95327714816104 12.625392980224944, -15.95445715927757 12.63031637443737, -15.953195766661043 12.637396532617696, -15.95270748674063 12.643744250334358, -15.956450976182937 12.646429765455078, -15.969715950387394 12.648179451114116, -15.97667395712935 12.650213941380363, -15.981190556693713 12.65265520953595, -15.987456832892363 12.660956002003346, -16 12.685330909902301, -16 13))",Senegal,-15.48212226,12.75713012,square_Senegal_lat12.5N_lon15.5E
"POLYGON ((-15 16, -16 16, -16 16.501152474750374, -15.993101765301496 16.504626741398454, -15.985608685450776 16.505867064441127, -15.977288778100366 16.503954981115832, -15.964369668790214 16.498993989350353, -15.95806514445916 16.498425576799416, -15.950675417447385 16.499820921456617, -15.91103959014526 16.51687404884459, -15.896931926900367 16.518424415068804, -15.86199865681597 16.510259493405258, -15.85357539881599 16.510259493405258, -15.828925739297748 16.514548574609567, -15.81295772221731 16.5137734666012, -15.76774084324705 16.499459054164454, -15.735288045351556 16.497702142643057, -15.726813110630669 16.49527332061284, -15.703196982712326 16.484421357510268, -15.687539021136098 16.48054551688143, -15.672191122744382 16.481372449006905, -15.657411661643224 16.486178269061167, -15.643614055362523 16.494653234190633, -15.62149654067323 16.514238531406306, -15.609662639045382 16.521318301825975, -15.594418089279529 16.52364362582509, -15.551474977220268 16.515117137363255, -15.53669551556734 16.51651233177524, -15.524809937013208 16.52219675755984, -15.515198120417917 16.530930091618846, -15.490910197026452 16.564519756118106, -15.478507855727157 16.57516517278903, -15.463986777409628 16.581469684444368, -15.448845580376169 16.58017768767189, -15.439440471068528 16.57268467715751, -15.433704385822965 16.562504325220996, -15.42688309615381 16.553150905178256, -15.414532432612988 16.548035042366024, -15.399804648262348 16.548345085554818, -15.385748657796881 16.55175571083721, -15.343632363665975 16.568705489269362, -15.32802608139912 16.57196109286116, -15.295935018637543 16.573046394198045, -15.248599404521112 16.56581160270621, -15.232476360363405 16.566380165418916, -15.125092732956707 16.582709857137424, -15.104008750583578 16.590358039336632, -15.097497518288682 16.594492098462354, -15.093208374685744 16.600176523600755, -15.092846638071242 16.607617859935644, -15.09615392970412 16.613974045130824, -15.112328652503418 16.629218584602153, -15.118271444484622 16.642602864831993, -15.116256062460732 16.65552192983822, -15.107574420507614 16.665392086895597, -15.093311728133585 16.669164578736016, -15.07889400200216 16.66497869605449, -15.069850626780784 16.655263560558097, -15.061995808085305 16.643791363545514, -15.05155716975468 16.63417957541036, -15.044374144899558 16.63190577544381, -15.036932741591347 16.63257768581337, -15.029853070735614 16.635471572071104, -15.023651896020588 16.639967347896125, -15.018742634891824 16.646116837323188, -15.016520547394672 16.652576369823233, -15.013368286619452 16.666580735776755, -15.00690873237916 16.67583080639135, -15 16.680274593967834, -15 16))",Senegal,-15.46337616,16.2628875,square_Senegal_lat16.5N_lon15.5E
"POLYGON ((-14 13.301921619972287, -14.016271525529941 13.297639091371474, -14.056579142972716 13.297174030240456, -14.099496420567151 13.281955295490866, -14.116808025351071 13.282161989321352, -14.131794191665294 13.275573323083725, -14.179827433653008 13.240123229642174, -14.20168656580038 13.229555407559433, -14.230625368733305 13.228573611953667, -14.284911460178845 13.238547189300187, -14.34178137389477 13.233637910785848, -14.368833984898536 13.235704848922882, -14.394982257935734 13.24296526961376, -14.43143998222623 13.26143973147331, -14.442033649403447 13.268545132114287, -14.451490438463454 13.276865159511251, -14.459138550824568 13.286916247870213, -14.470326496947166 13.298259172880078, -14.483633180454245 13.301928288913524, -14.515104126253386 13.303168451940696, -14.529573528349173 13.307276792414555, -14.542854370228243 13.314666397654308, -14.552109141075034 13.323094279049343, -14.580733197277304 13.349160536621362, -14.592153689515259 13.353139693769105, -14.624554810060024 13.34518137950185, -14.661606811094572 13.340918018364206, -14.698142049060328 13.34518137950185, -14.731576702911113 13.359004932401005, -14.759481972491212 13.383370173216734, -14.779635785401451 13.410888097591801, -14.790332805183935 13.417347581743462, -14.810796673608092 13.421171718971628, -14.82914180700978 13.42701112159284, -14.862576454657534 13.447061330002748, -14.877614296596628 13.451376365437882, -14.915906535827702 13.454425400801766, -14.949702919376417 13.463081008135473, -15 13.488209847456712, -15 13.796146665851047, -14.915803182601081 13.792440930919755, -14.879267946892275 13.7805812600033, -14.860313809900122 13.76559534228554, -14.843972938851838 13.752675764350153, -14.831312214042466 13.735622606985798, -14.822372194629915 13.717200102465712, -14.802941851665977 13.652320121504687, -14.796017212050678 13.644697980841286, -14.754934446937568 13.620384100969416, -14.740930132608376 13.615448982251348, -14.728579467013942 13.619324794421217, -14.667187869451945 13.652888830361059, -14.62667354539276 13.663508334261024, -14.585539103134936 13.660459297656203, -14.542595986639265 13.640822168474449, -14.523243161976982 13.625655097425847, -14.50972977670147 13.60909284263097, -14.500221315998731 13.589972750763494, -14.486862954056702 13.546538482865957, -14.48037756390687 13.533128613423429, -14.470274822153828 13.522354091815915, -14.462134597295327 13.516656189362905, -14.389582072866524 13.465871676192247, -14.365552531384816 13.454838788591141, -14.347284910693876 13.452358161432565, -14.329947467831865 13.456440666277947, -14.271217203313023 13.476956237497477, -14.215794232199064 13.510752794764226, -14.196828979513118 13.51878832126054, -14.139132245419246 13.531552572244154, -14.09288183636767 13.55472933079427, -14.072598837651636 13.559690285664042, -14.061850139303989 13.560052000052337, -14.044461020690283 13.558605142500632, -14.034022380159742 13.560207020504553, -14.02226599130036 13.565322995881017, -14.00190547617905 13.577027641129897, -14 13.577328724618775, -14 13.301921619972287))",Gambia,-14.49277229,13.4225282,square_Gambia_lat13.5N_lon14.5E
"POLYGON ((-14 16, -15 16, -15 16.680274593967834, -14.996625121678726 16.68244536011322, -14.974300903776893 16.691385387346358, -14.962932088279661 16.6858043107976, -14.949857951946667 16.672316834082963, -14.948934021844188 16.67055286293723, -14.941331338881534 16.65603866839812, -14.930944375579195 16.643377972688914, -14.912495890266635 16.640639108041857, -14.882006796586095 16.647667203241394, -14.711216187340098 16.635781615217724, -14.69969234183073 16.63712513551794, -14.665895955420083 16.645651772611334, -14.655974081132952 16.645910141895744, -14.647189086419733 16.643532994260177, -14.619077108311282 16.630665602848268, -14.60807002702811 16.6288051937354, -14.597011270624963 16.629166910743823, -14.555127522332194 16.640587434184518, -14.544456338048073 16.640845803471155, -14.50391617943944 16.632681033529433, -14.49308996765158 16.632474338097282, -14.48239294535255 16.633662836831146, -14.471954305656963 16.636401701510508, -14.462058267123394 16.64079412961384, -14.435832477967088 16.65598699454216, -14.426246502641654 16.65960446487811, -14.406635295345163 16.66079296355671, -14.343254150348505 16.63666007079898, -14.33552852334811 16.63154405843705, -14.331342733889755 16.624102722391456, -14.33175614367789 16.613147263376362, -14.337027140669543 16.594130381433715, -14.335321818126456 16.586482199279086, -14.325968384284751 16.582399813964393, -14.287650308963839 16.585707091350677, -14.277960979532576 16.5812629889953, -14.274576172108558 16.57351145896413, -14.273258422822504 16.55563140088125, -14.268064940395963 16.547879870556848, -14.257652141209979 16.543177398627563, -14.23367427468432 16.54157535859086, -14.222279623798624 16.539611751707323, -14.214166421290637 16.534960803374318, -14.197190713639845 16.51346342339762, -14.190085204962335 16.50710723726704, -14.16639156213589 16.490880891563787, -14.132440144891872 16.452640274977387, -14.073038086351062 16.400653805446005, -14.039835978706483 16.382101983202627, -14.033066365688395 16.37605583938232, -14.015599731585525 16.355850302458666, -14.006711385075823 16.35026922338394, -14 16.347746964215172, -14 16))",Senegal,-14.49426112,16.28330562,square_Senegal_lat16.5N_lon14.5E
"POLYGON ((-15 13, -14 13, -14 12.674496975647576, -14.082753257906168 12.674834819047732, -14.343107646678117 12.675897128235116, -14.43730525761224 12.676281674547662, -14.791728067193606 12.677780203461076, -14.872159688523142 12.67810856996153, -15 12.678630293095441, -15 13))",Senegal,-14.49159664,12.80041486,square_Senegal_lat12.5N_lon14.5E
"POLYGON ((-15 14, -15 15, -14 15, -14 14, -15 14))",Senegal,-14.47762695,14.52355284,square_Senegal_lat14.5N_lon14.5E
"POLYGON ((-15 15, -15 16, -14 16, -14 15, -15 15))",Senegal,-14.45824256,15.49256453,square_Senegal_lat15.5N_lon14.5E
"MULTIPOLYGON (((-14 13, -15 13, -15 13.488209847456712, -14.949702919376417 13.463081008135473, -14.915906535827702 13.454425400801766, -14.877614296596628 13.451376365437882, -14.862576454657534 13.447061330002748, -14.82914180700978 13.42701112159284, -14.810796673608092 13.421171718971628, -14.790332805183935 13.417347581743462, -14.779635785401451 13.410888097591801, -14.759481972491212 13.383370173216734, -14.731576702911113 13.359004932401005, -14.698142049060328 13.34518137950185, -14.661606811094572 13.340918018364206, -14.624554810060024 13.34518137950185, -14.592153689515259 13.353139693769105, -14.580733197277304 13.349160536621362, -14.552109141075034 13.323094279049343, -14.542854370228243 13.314666397654308, -14.529573528349173 13.307276792414555, -14.515104126253386 13.303168451940696, -14.483633180454245 13.301928288913524, -14.470326496947166 13.298259172880078, -14.459138550824568 13.286916247870213, -14.451490438463454 13.276865159511251, -14.442033649403447 13.268545132114287, -14.43143998222623 13.26143973147331, -14.394982257935734 13.24296526961376, -14.368833984898536 13.235704848922882, -14.34178137389477 13.233637910785848, -14.284911460178845 13.238547189300187, -14.230625368733305 13.228573611953667, -14.20168656580038 13.229555407559433, -14.179827433653008 13.240123229642174, -14.131794191665294 13.275573323083725, -14.116808025351071 13.282161989321352, -14.099496420567151 13.281955295490866, -14.056579142972716 13.297174030240456, -14.016271525529941 13.297639091371474, -14 13.301921619972287, -14 13)), ((-15 14, -14 14, -14 13.577328724618775, -14.00190547617905 13.577027641129897, -14.02226599130036 13.565322995881017, -14.034022380159742 13.560207020504553, -14.044461020690283 13.558605142500632, -14.061850139303989 13.560052000052337, -14.072598837651636 13.559690285664042, -14.09288183636767 13.55472933079427, -14.139132245419246 13.531552572244154, -14.196828979513118 13.51878832126054, -14.215794232199064 13.510752794764226, -14.271217203313023 13.476956237497477, -14.329947467831865 13.456440666277947, -14.347284910693876 13.452358161432565, -14.365552531384816 13.454838788591141, -14.389582072866524 13.465871676192247, -14.462134597295327 13.516656189362905, -14.470274822153828 13.522354091815915, -14.48037756390687 13.533128613423429, -14.486862954056702 13.546538482865957, -14.500221315998731 13.589972750763494, -14.50972977670147 13.60909284263097, -14.523243161976982 13.625655097425847, -14.542595986639265 13.640822168474449, -14.585539103134936 13.660459297656203, -14.62667354539276 13.663508334261024, -14.667187869451945 13.652888830361059, -14.728579467013942 13.619324794421217, -14.740930132608376 13.615448982251348, -14.754934446937568 13.620384100969416, -14.796017212050678 13.644697980841286, -14.802941851665977 13.652320121504687, -14.822372194629915 13.717200102465712, -14.831312214042466 13.735622606985798, -14.843972938851838 13.752675764350153, -14.860313809900122 13.76559534228554, -14.879267946892275 13.7805812600033, -14.915803182601081 13.792440930919755, -15 13.796146665851047, -15 14)))",Senegal,-14.45768181,13.7954066,square_Senegal_lat13.5N_lon14.5E
"POLYGON ((-14 13.577328724618775, -13.988495445206768 13.579146554478427, -13.967488973561649 13.575580783530192, -13.9420900057618 13.566924873905917, -13.91808630412004 13.554987698211988, -13.901343137815983 13.54162920160507, -13.896175497070686 13.53292191949801, -13.88979345611339 13.513956550481149, -13.884599978100642 13.50553347296915, -13.882503704924753 13.503781381533795, -13.875479084373264 13.497911034071752, -13.852793133824253 13.48481120673681, -13.842690388615672 13.476646196642573, -13.81871252468158 13.42936226452943, -13.822562417521096 13.378202526123841, -13.851036132084936 13.335750371664606, -13.900567992361212 13.314563050733208, -13.976118937419793 13.308206914693384, -14 13.301921619972287, -14 13.577328724618775))",Gambia,-13.99708532,13.42582924,square_Gambia_lat13.5N_lon13.5E
"POLYGON ((-14 16, -14 16.347746964215172, -13.987048502456636 16.342879558596366, -13.977850097236384 16.337970239861814, -13.971855631968788 16.33120066152679, -13.971158000899699 16.32422438764492, -13.977462525116938 16.308824820965956, -13.97932287644844 16.300349854276195, -13.977281657908959 16.293838645142912, -13.96743729818771 16.28138463946018, -13.96304480106806 16.27239293381762, -13.962683065331861 16.2639696408013, -13.967799032003288 16.24603790315715, -13.964078329776035 16.230069923017645, -13.947050944585817 16.22112989099486, -13.907828531493351 16.21001940571061, -13.89958614062901 16.20531685719633, -13.88382483058234 16.193741382008504, -13.877236083838293 16.186868380218296, -13.872275147337188 16.178755205246613, -13.86382604987077 16.151831760762857, -13.859071819307964 16.142271641887014, -13.852767292942579 16.133486631225992, -13.8448349617852 16.126045216602492, -13.8357657477161 16.120567559723266, -13.827316649694927 16.118500454202444, -13.81920345046443 16.11927563754969, -13.811322795729376 16.12206617742702, -13.794941366726107 16.131212905287853, -13.778818318357477 16.143201771770052, -13.771997029749613 16.150436490834007, -13.75424617571667 16.17534457882927, -13.746701416756848 16.182372527186875, -13.738226481580835 16.187126749626632, -13.729415650254778 16.189503898397025, -13.720139729780687 16.189968963331552, -13.710579589336971 16.18888373671012, -13.712620809003564 16.176068013175612, -13.718305709378866 16.159288121708247, -13.722775227516241 16.14609565939727, -13.719571289355368 16.135605335515532, -13.714842895693012 16.132763196870876, -13.70448177105046 16.128835756476104, -13.699960083194863 16.125631825541774, -13.69884904037389 16.123926512308614, -13.69729874636862 16.120360789085286, -13.69600683529077 16.11891384526371, -13.69357804470263 16.117518650431812, -13.687454386926058 16.115244849379113, -13.68468969684816 16.113797905556222, -13.67812678932329 16.108216825792255, -13.675930542646071 16.10692497872342, -13.668954223291347 16.10573640431248, -13.662417155133213 16.107441717550998, -13.635028645661945 16.121601037375967, -13.629266723995512 16.122789611783737, -13.610482340889286 16.12289295954897, -13.606968343527772 16.12325467672729, -13.599397746342492 16.125476803894, -13.56906367983496 16.1381891798535, -13.516405395634628 16.149041220904635, -13.502788655324531 16.15441560509001, -13.49725927721024 16.156069244428327, -13.491549031999016 16.15627593995714, -13.484934447774105 16.15498401779448, -13.483099936032133 16.141031393601917, -13.499868936969689 16.11064564849576, -13.501703451232666 16.09514273258597, -13.491549031343142 16.088424752277753, -13.455091308257936 16.102222354961274, -13.440027628615317 16.101860637781698, -13.43506669135049 16.096538002529854, -13.427031006162377 16.083050443135505, -13.422095906898905 16.077210993937374, -13.394578206587662 16.059279255269264, -13.388557902637867 16.052096285109627, -13.386051595734813 16.04439650101386, -13.385043904988288 16.026878153416526, -13.383674479085716 16.019178369332412, -13.375761928940824 16, -14 16))",Senegal,-13.88421053,16.01236045,square_Senegal_lat16.5N_lon13.5E
"POLYGON ((-14 13, -13 13, -13 12.466842758895242, -13.015247354300099 12.472676444146533, -13.034626019051458 12.470557834818063, -13.051989297647403 12.4722630569601, -13.06674291949463 12.480117864174751, -13.078266765978467 12.49624101622038, -13.08271093673355 12.515671266202927, -13.079093587932185 12.53215613270835, -13.064210773212618 12.566159034309035, -13.060412557977672 12.5833674796637, -13.059327353313892 12.603469636108157, -13.063642332461953 12.622279657429413, -13.076458089933267 12.635922338349834, -13.091702635023982 12.63819596831205, -13.108988403362916 12.635405604268406, -13.127307699845433 12.634837196779195, -13.145316937823806 12.643932317507755, -13.154696206219144 12.63282163343936, -13.162628539050745 12.638144294903757, -13.169217286865505 12.638764676230391, -13.17627111740602 12.637730907637442, -13.185211139352953 12.63778258104571, -13.197871868498877 12.63406209565822, -13.20190263107351 12.633390341353932, -13.206450155149112 12.635663971309077, -13.21601029530164 12.645740886813226, -13.221539671080116 12.648376230665624, -13.229084431565365 12.647807823167303, -13.246008462154386 12.643156915951252, -13.254690103292532 12.64181340732824, -13.263397581099632 12.643208589359878, -13.275722412165493 12.651063548362556, -13.28414566922616 12.653337178367368, -13.292930662737113 12.652717097456312, -13.32287715664836 12.646515987945397, -13.327708904027157 12.64491411227309, -13.330034342055214 12.642071774370944, -13.332773194127958 12.639643124172661, -13.338612632490046 12.639229736905584, -13.343444376982182 12.6409866327921, -13.35204850224732 12.646981048625044, -13.35664770701047 12.648893265182119, -13.359801389657795 12.649736563200182, -13.404758463793382 12.661760544976685, -13.728278766582372 12.673387663123638, -14 12.674496975647576, -14 13))",Senegal,-13.49891068,12.7854003,square_Senegal_lat12.5N_lon13.5E
"POLYGON ((-13 15, -14 15, -14 16, -13.375761928940824 16, -13.369773519284976 15.985485345433448, -13.363339803025427 15.975098369296052, -13.355795044421743 15.965538250408699, -13.347010050093942 15.95675323977844, -13.321766114430519 15.938149740948631, -13.315926676509852 15.930449957018633, -13.313730427714418 15.922130011423663, -13.314350545615158 15.913603445437344, -13.318174601295611 15.896705184985262, -13.318174601890032 15.888488662379103, -13.316030029497012 15.881770757451953, -13.311766724407345 15.87577628687459, -13.293654133606891 15.855312378805442, -13.284765787797594 15.839912811586887, -13.279959880121817 15.822859605285537, -13.279675658715666 15.803532598325877, -13.281897746497036 15.795109380675992, -13.28523087588564 15.78663441409506, -13.287452961275806 15.778159447570372, -13.286135213160996 15.769632882334308, -13.280967569421986 15.76281155508158, -13.273965414163762 15.75748892049353, -13.258669189743191 15.748807258672365, -13.250659342726387 15.7427611147843, -13.243941406599195 15.735784841174791, -13.232546753099044 15.719610092167066, -13.228257608343833 15.711290147771587, -13.22712072856035 15.703952157258767, -13.228877726319537 15.696614091693686, -13.243993083469038 15.6737214395166, -13.247662108521892 15.665608191010469, -13.248747314321502 15.65671983451415, -13.247300374134598 15.648296618050855, -13.237843587008767 15.623440247462367, -13.222805745341935 15.62385367596727, -13.192807576797177 15.628969614328502, -13.178234821805107 15.628194468736488, -13.171051799346413 15.625352293274647, -13.152551635701512 15.612407313226301, -13.145239420262365 15.60953930088745, -13.122217570281466 15.603493157929048, -13.109711873803512 15.596413462569071, -13.09901485223514 15.58687918350986, -13.091805989927423 15.575122778136631, -13.089454711650834 15.561040936387156, -13.095087443222772 15.52342052391224, -13.09495825189973 15.51471302764043, -13.093097901083627 15.506212264482484, -13.089583903199832 15.497039703712735, -13.083845014061694 15.492750022317342, -13.053229533063663 15.485102441430557, -13.038889322826389 15.486885264657671, -13.023773966787484 15.495954477557254, -13.010544800023526 15.506289775272872, -13 15.51197913498939, -13 15))",Senegal,-13.50235791,15.4800537,square_Senegal_lat15.5N_lon13.5E
"POLYGON ((-14 14, -14 15, -13 15, -13 14, -14 14))",Senegal,-13.49466369,14.52637131,square_Senegal_lat14.5N_lon13.5E
"POLYGON ((-14 14, -13 14, -13 13, -14 13, -14 13.301921619972287, -13.976118937419793 13.308206914693384, -13.900567992361212 13.314563050733208, -13.851036132084936 13.335750371664606, -13.822562417521096 13.378202526123841, -13.81871252468158 13.42936226452943, -13.842690388615672 13.476646196642573, -13.852793133824253 13.48481120673681, -13.875479084373264 13.497911034071752, -13.882503704924753 13.503781381533795, -13.884599978100642 13.50553347296915, -13.88979345611339 13.513956550481149, -13.896175497070686 13.53292191949801, -13.901343137815983 13.54162920160507, -13.91808630412004 13.554987698211988, -13.9420900057618 13.566924873905917, -13.967488973561649 13.575580783530192, -13.988495445206768 13.579146554478427, -14 13.577328724618775, -14 14))",Senegal,-13.4978903,13.50843882,square_Senegal_lat13.5N_lon13.5E
"POLYGON ((-13 15, -13 15.51197913498939, -12.995842854655017 15.514222088408014, -12.980184895823971 15.516289155508408, -12.964320231143066 15.509157824738008, -12.958015707023309 15.501742250265387, -12.954940958690175 15.493060591223607, -12.95091019715245 15.465413725284106, -12.947602906168779 15.458618275178104, -12.937551840195612 15.445776683657858, -12.933055989168654 15.438283599198943, -12.93116979968857 15.43053210801923, -12.931014770047126 15.397045799583804, -12.927216552833393 15.380741873878137, -12.918974162164794 15.36536815304879, -12.906830200096833 15.35268158532893, -12.84727311214346 15.313278307954318, -12.83453487208936 15.300230005965279, -12.828049478994558 15.283874409702824, -12.833449667029088 15.269999289625966, -12.850037802007973 15.26738962944981, -12.884195922956055 15.27082610856531, -12.894376180958364 15.263358863695908, -12.88835587608819 15.250879012902233, -12.86548905391112 15.228683975053364, -12.85678157589128 15.22199187593816, -12.84789322994121 15.218942969722367, -12.838333089095 15.218762111316218, -12.816964883905468 15.223077082715184, -12.806397053905563 15.223077082715184, -12.79632015007874 15.220286564420629, -12.787225096881375 15.214162896345245, -12.781979940036656 15.207289939065552, -12.779473632897462 15.199615981238892, -12.779266926903917 15.191399429599958, -12.78466711397551 15.166026304624033, -12.783995321040807 15.15814565231088, -12.780920573009652 15.149076436551598, -12.77975785307815 15.146389266421385, -12.754565591946031 15.138560278945873, -12.746639017259241 15.131135941571875, -12.717048503013482 15.103420308771545, -12.690305948932906 15.092387386172023, -12.689585457471315 15.092478510087593, -12.67927303000406 15.093782654239305, -12.647647054057638 15.103161930309122, -12.632273315031766 15.105435690827626, -12.622945720045319 15.102257591609488, -12.615065062927044 15.09460947280885, -12.602145956022346 15.078770651292004, -12.547058878995184 15.047170511727774, -12.52959224501367 15.034354757800545, -12.518972736999912 15.028282775999067, -12.4955633140084 15.02301178049853, -12.484892131003607 15.017275696218924, -12.476262166003686 15.007741395221164, -12.472483874887626 15, -13 15))",Senegal,-12.91093787,15.05152428,square_Senegal_lat15.5N_lon12.5E
"POLYGON ((-12 14.118663615190888, -12.002751016527379 14.103455473762269, -12.025230265836228 14.026741897577919, -12.025296870047688 14, -13 14, -13 15, -12.472483874887626 15, -12.471507933887285 14.998000380393119, -12.448201865031399 14.918212037048429, -12.4476334236701 14.907437478704287, -12.433835813796733 14.899427461235874, -12.400091102776358 14.860385914200306, -12.382495280671934 14.84602003924314, -12.319579225548253 14.817184643438749, -12.264130411555783 14.774939039974175, -12.256508138808112 14.745793608342154, -12.236612713437673 14.728456204058805, -12.230489053051551 14.714555096817469, -12.222815103226058 14.703289645440462, -12.208922900018875 14.697160011892775, -12.207207281390431 14.695430748043952, -12.202427155924392 14.693375219345148, -12.199901654877992 14.692838654854851, -12.194085655356536 14.691999559323802, -12.182925154686453 14.692303892933639, -12.180988734791393 14.691353038171245, -12.185840616536682 14.680810417387587, -12.190284790993134 14.673653320366594, -12.192196820081042 14.66688377564035, -12.1898197039761 14.655954204299583, -12.18279170916392 14.650243969070534, -12.172611449352596 14.647918355853744, -12.165015014826734 14.64187224224564, -12.165945189955272 14.625180763223922, -12.171526242988508 14.616421484886454, -12.191008260663892 14.59799894109676, -12.198397989150312 14.587560271129759, -12.200465045469496 14.57735413269473, -12.201446898511051 14.565184397528725, -12.20418574947514 14.554254829261264, -12.20570092092704 14.552949169478444, -12.205701280126032 14.552949169478444, -12.20926303061871 14.552268700219326, -12.212073154958473 14.551081409047065, -12.213380279805214 14.54888077448309, -12.213809779136609 14.548079232777607, -12.214990502446827 14.545875593952351, -12.23038570143343 14.536684903032084, -12.236431845137844 14.519450856033025, -12.234183920221323 14.498573520853112, -12.22242753112623 14.454932767939129, -12.219869545809392 14.434598009011536, -12.221729897594829 14.391241468156204, -12.208836629761906 14.388761136246153, -12.115612347604994 14.35511983371966, -12.108687702844588 14.342019680935186, -12.113028524194304 14.329591585471249, -12.127807984074826 14.324294743801943, -12.119591428870255 14.310574509195169, -12.109979614234287 14.29814641472354, -12.097783974573009 14.28806946797889, -12.05835485926913 14.27409116722276, -12.044298868853184 14.26491850847292, -12.034480344505344 14.250268151776917, -12 14.17167340248767, -12 14.118663615190888))",Senegal,-12.55930177,14.50254065,square_Senegal_lat14.5N_lon12.5E
"POLYGON ((-12 13, -13 13, -13 14, -12.025296870047688 14, -12.025333617702994 13.985245647191375, -12.015308389051263 13.959304033505177, -12 13.944505908660995, -12 13.763545348124335, -12.012311157497868 13.751177232730658, -12.097628945751486 13.704410010008502, -12.083883015461398 13.692963729256622, -12.070395466268872 13.673249088534543, -12.049828247862498 13.634362681548353, -12.037322549174256 13.598266645937052, -12.015153361988197 13.564444546643674, -12 13.547690440978077, -12 13))",Senegal,-12.55345472,13.50771104,square_Senegal_lat13.5N_lon12.5E
"POLYGON ((-13 13, -12 13, -12 12.38661152596964, -12.0188740632632 12.388443851687871, -12.079180460826127 12.408132616579516, -12.10398514942345 12.407357515659054, -12.121916869207427 12.398727457933715, -12.155041463432914 12.369013604375066, -12.192041789311222 12.348756432969838, -12.3609203701352 12.305606598319372, -12.37712093082552 12.3136680977296, -12.40551713127741 12.35645621898193, -12.423397176360062 12.369116951160306, -12.46675370334876 12.384464850171284, -12.48776017342429 12.389477469774898, -12.505071776821781 12.390252570680868, -12.521918294453599 12.386893649879479, -12.541451986289333 12.379452230593676, -12.570649170623842 12.363690944522904, -12.578129722651273 12.361528322927892, -12.579408326604838 12.361158798088208, -12.593671021285063 12.36157218522594, -12.59731420824528 12.365447839864043, -12.598063517778042 12.372424198507321, -12.603412028345842 12.381932703682583, -12.631549846280963 12.41268017575243, -12.648008789038498 12.425754295836489, -12.66751664185087 12.433660776049715, -12.68805802504201 12.435986229091444, -12.752653564843005 12.432420614543613, -12.773272461795388 12.435056107959408, -12.77916357533841 12.443272628631481, -12.7834785576728 12.453091174901893, -12.799420736779801 12.460635941565219, -12.829057168072103 12.462754550870596, -12.838617310292495 12.466371989147165, -12.84913346491307 12.475828821876046, -12.851252197226211 12.484355383308255, -12.84965022899727 12.491073375841495, -12.849210977894531 12.495000704415752, -12.874041503146726 12.516394693814494, -12.913134726691263 12.53634197868925, -12.949489097030154 12.535928591473125, -12.96623225800204 12.496085845807999, -12.969513713118067 12.476810616447992, -12.981037556774917 12.466992069922842, -12.997418986702673 12.465855255167732, -13 12.466842758895242, -13 13))",Senegal,-12.53387937,12.69188723,square_Senegal_lat12.5N_lon12.5E
"MULTIPOLYGON (((-12 13.944505908660995, -11.99903031279892 13.943568543389356, -11.980375123509132 13.929641927594274, -11.962908489800537 13.909152174079269, -11.956810668712897 13.890341810877189, -11.95696569590172 13.870007079695418, -11.962908489620768 13.829467104250348, -11.978824828001365 13.784818487616334, -12 13.763545348124335, -12 13.944505908660995)), ((-12 13, -12 13.547690440978077, -11.996808228339411 13.544161502666986, -11.939033976638923 13.502949498616683, -11.93272945296412 13.496050788871266, -11.923841105290288 13.481142089483724, -11.91815669823611 13.474708441303443, -11.907718060092886 13.469644140290088, -11.898467979003891 13.468507323838583, -11.89040645447341 13.465148247546148, -11.883481813363227 13.453546951750422, -11.885652220781859 13.435770075429076, -11.899966593023734 13.382181683479311, -11.89758947717217 13.3711746343087, -11.888804486014815 13.368875165087124, -11.862346150682589 13.35608508122989, -11.854594685918382 13.35055572014356, -11.850770631678277 13.34314027770308, -11.844569458385985 13.32383903783261, -11.84002193377223 13.31688865688998, -11.831439016834402 13.309947589272275, -11.831650657555052 13.30841420938753, -11.829547404238983 13.305396719673382, -11.82601428134372 13.304343121864756, -11.81736515581376 13.305687833525033, -11.809223156491205 13.307041257574133, -11.803270406930991 13.307239539455086, -11.79932340398677 13.307370826094482, -11.797014655216735 13.308822790234164, -11.7951694067035 13.312767397981762, -11.7942992828796 13.318964608137321, -11.790639407779887 13.325114350878453, -11.788248780772228 13.329601830516284, -11.788015778996238 13.330038951953076, -11.783411531672618 13.33219752070266, -11.778072531417195 13.332852752220331, -11.776456529492265 13.333000862783587, -11.771211907385867 13.333482447434745, -11.765776782727738 13.339601847195746, -11.764167779968918 13.344543272315208, -11.762239657604681 13.353206088161937, -11.761933658033806 13.356182119189125, -11.75826515731429 13.362827567088297, -11.755138907457772 13.367494702448221, -11.749961904023376 13.373368954045116, -11.746057404772207 13.379016383220488, -11.741908028966705 13.384162699994503, -11.742327904282918 13.389137472921666, -11.743534780987204 13.392635346080448, -11.744483779527243 13.396376865672154, -11.744107906659861 13.403325144615444, -11.741788154899018 13.406312892571073, -11.74125277962597 13.407002372870862, -11.739773810095812 13.40761013698767, -11.726902223777842 13.405797960443625, -11.719770873749528 13.397891318888151, -11.714034789211526 13.388098595885397, -11.704009563173335 13.380373112144698, -11.694501096989473 13.379184321986608, -11.674967406924775 13.383215152816057, -11.649800983222686 13.38411943848727, -11.645253460666513 13.379753030545626, -11.646597046512209 13.365516089409617, -11.64396154808631 13.355594183318678, -11.632902793023423 13.3543798569086, -11.6203454175558 13.357531938233853, -11.619734034346537 13.357809232464893, -11.618955032041889 13.357750048322389, -11.613096787610425 13.357881034546411, -11.613007365744942 13.339057773700635, -11.605824340565782 13.31965318704767, -11.581174683270348 13.286141145999848, -11.558540406304006 13.266504030589411, -11.554251261693686 13.256866330227147, -11.555801555093094 13.245910956934988, -11.56856563492064 13.227901857066437, -11.572338011192002 13.2171012042415, -11.569340779948346 13.199195452148523, -11.55972896440248 13.18692240696347, -11.547843385633126 13.176199565477422, -11.538541625807726 13.162970261557465, -11.538076537720123 13.128011072502762, -11.533063923187722 13.111810546642193, -11.515390582321583 13.107753880955716, -11.501541301588531 13.099589176646585, -11.48970739739461 13.0907782540008, -11.477098349137933 13.083285304639405, -11.460820272323739 13.079176965696346, -11.450278278482614 13.075094463499846, -11.451415161867365 13.068066575277829, -11.456944537798316 13.060444142160058, -11.458959920232651 13.054682253336223, -11.44516231127094 13.035226002400002, -11.4395295816728 13.023004633869853, -11.435653850494399 13.016726011025963, -11.431674763040574 13.013470284184288, -11.422993122210087 13.009413619120348, -11.424543417365266 13.005202234205198, -11.430124471647394 13.000990548890027, -11.43093721591348 13, -12 13)))",Senegal,-11.70387701,13.16068354,square_Senegal_lat13.5N_lon11.5E
"POLYGON ((-12 13, -11.43093721591348 13, -11.433431761774335 12.996959720619754, -11.433535114458238 12.988355493105427, -11.43596390946435 12.9688478711293, -11.43870276016122 12.958900134775174, -11.42309647644762 12.956006122230248, -11.411520954804448 12.960708704855186, -11.404234578022722 12.972103297324997, -11.404233306400622 12.972112610559797, -11.402679655591598 12.971959392825989, -11.398651530960484 12.97014992143492, -11.396407531139262 12.967872685322936, -11.394163529056026 12.965595148791737, -11.391674529063057 12.962815899303408, -11.389522028396042 12.9625683475173, -11.389142280819534 12.962524785613203, -11.387439760460888 12.963529413250505, -11.386561240010774 12.959106828498347, -11.384442506106453 12.93311359116717, -11.387801474720549 12.927119173022383, -11.394209350701317 12.923320875620313, -11.394397319829704 12.923170962593476, -11.395003906137553 12.924541810573484, -11.396504280869511 12.92581141468802, -11.398555278685278 12.924600994674362, -11.400378405968379 12.921893547384226, -11.40181790925184 12.917251951688542, -11.402890990156209 12.916396035437126, -11.407283486234439 12.91629268858199, -11.413588012540028 12.91970343523655, -11.42066768567189 12.922029039919249, -11.427230591350714 12.918618293253202, -11.427954062063458 12.912494691666486, -11.423096478251855 12.907068681396446, -11.417308717216255 12.901952711727741, -11.415138307322907 12.896655885105282, -11.419324098180939 12.886501456096166, -11.424905153195118 12.876166170247922, -11.428625856227523 12.865805047839121, -11.425473593789095 12.849552854947397, -11.427023886172476 12.845237823741499, -11.43002111944871 12.841051976116658, -11.432501587722392 12.835522619552021, -11.432088176484251 12.829347345264342, -11.428160766373281 12.827021740886797, -11.4234582118448 12.82640165983455, -11.420977743447402 12.82557488509904, -11.419685833124591 12.82467060023317, -11.416016806717854 12.820071365362903, -11.411675983385072 12.812888159088292, -11.408472046800023 12.804490927953072, -11.406353312721341 12.794284826829195, -11.40542313412233 12.782347365917765, -11.407593545551586 12.771469510675496, -11.41456986510341 12.764209095174673, -11.414569864639176 12.759713207513006, -11.404027874886479 12.741213223409662, -11.402167522285769 12.731730550948283, -11.407547442774696 12.723217956820879, -11.414245028788583 12.722650750975886, -11.416528156370399 12.722689205609445, -11.421356778615525 12.722271612323398, -11.42419940418504 12.71932953243749, -11.42425100420173 12.716360714575647, -11.437359172495523 12.712248472245445, -11.44795284092368 12.685945203272146, -11.455755983065218 12.680622541490088, -11.461905476017456 12.673129296070845, -11.460975299500918 12.658401472918891, -11.457151246297707 12.655972822671425, -11.449554808568884 12.653182158139547, -11.441751667791756 12.647756149758399, -11.436842405803977 12.637472540596113, -11.436635700882281 12.627085584748874, -11.441803344472193 12.595511330750567, -11.440924844755486 12.584866008406381, -11.438599407023824 12.577993145147179, -11.437359170825337 12.570758267688435, -11.439453572142643 12.561071607461905, -11.44014565471505 12.561083324105725, -11.441664269093732 12.558455491199654, -11.460613565135349 12.549829337577197, -11.467796590000265 12.543524882027658, -11.45668615702021 12.539752423229803, -11.449451455601201 12.53520486341863, -11.437875935985007 12.515361225798149, -11.429814411513497 12.508333192679093, -11.430382852722595 12.515722939603728, -11.42671301033788 12.522658741769217, -11.423323903929308 12.521404760510345, -11.417260779614443 12.519806940837546, -11.416486279581575 12.520069063177205, -11.414452654924025 12.520757340862565, -11.41479643529834 12.523595472380117, -11.410849161591676 12.51334581295641, -11.408678751136213 12.504922598047541, -11.402374227875166 12.488541229062498, -11.400513875972726 12.47954945678878, -11.39260738233018 12.491848476832425, -11.390436970916324 12.497532851213082, -11.37777624448386 12.480221210972244, -11.37979162573178 12.456863483119108, -11.386561239333577 12.430456875282312, -11.388421590216705 12.4038950977953, -11.416016806272577 12.40498038929352, -11.481645874086762 12.42823476904599, -11.51539058346052 12.431645363389764, -11.601535197421786 12.425237561879792, -11.643083049363458 12.417641122109002, -11.7200292563982 12.389477469774898, -11.75780472728728 12.383327885302885, -11.839608520586184 12.386686956305192, -11.860175739213018 12.391079344981264, -11.920637166650215 12.416039096644592, -11.921980754326063 12.417692795504218, -11.923944457524158 12.41877793680493, -11.930869099557224 12.418726263409624, -11.935209921836682 12.417021041366338, -11.946268677789407 12.40942460166173, -11.984302531759113 12.389012409231606, -11.997583374820223 12.386376915943886, -12 12.38661152596964, -12 13))",Senegal,-11.68367588,12.71148229,square_Senegal_lat12.5N_lon11.5E